Platform,Ders,Konum,İletişim,İçerik,Link,Tarih
Özel Ders Alanı,Özel Ders (AI Kapalı),Gaziantep,Gizli,"Merhaba, Yabancı Dil > İspanyolca dersi almak istiyorum. Dersleri Kendim için istiyorum, Ders alacak kişinin seviyesi: Seviye Seçiniz, dersleri Öğretm",https://www.ozeldersalani.com/ders-almak-isteyenler#b0fd3a2b6c,3 saat önce
Özel Ders Alanı,Özel Ders (AI Kapalı),Samsun,Gizli,"Merhaba, Matematik dersi almak istiyorum. Dersleri Diğer kişi/kişiler için istiyorum, Ders alacak kişinin seviyesi: YKS (TYT AYT) Hazırlık, dersleri K",https://www.ozeldersalani.com/ders-almak-isteyenler#6c27a87686,3 saat önce
Özel Ders Alanı,Özel Ders (AI Kapalı),İzmir,Gizli,"Merhaba, Yabancı Dil > İngilizce dersi almak istiyorum. Dersleri Öğrencim için istiyorum, Ders alacak kişinin seviyesi: Seviye Seçiniz, dersleri Kendi",https://www.ozeldersalani.com/ders-almak-isteyenler#48f58c1abe,3 saat önce
Özel Ders Alanı,Özel Ders (AI Kapalı),Trabzon,Gizli,"Merhaba, Matematik > Genel Matematik dersi almak istiyorum. Dersleri Kendim için istiyorum, Ders alacak kişinin seviyesi: YKS (TYT AYT) Hazırlık, ders",https://www.ozeldersalani.com/ders-almak-isteyenler#b1118ba114,Ö. 3 saat önce
Özel Ders Alanı,Özel Ders (AI Kapalı),İzmir,Gizli,"Merhaba, Müzik > Piyano dersi almak istiyorum. Dersleri Öğrencim için istiyorum, Ders alacak kişinin seviyesi: Çocuk, dersleri Kendi Evimde Öğretmen b",https://www.ozeldersalani.com/ders-almak-isteyenler#ccc293f232,4 saat önce
Özel Ders Alanı,Özel Ders (AI Kapalı),Ankara,Gizli,"Merhaba, Türkçe > Osmanlı Türkçesi dersi almak istiyorum. Dersleri Kendim için istiyorum, Ders alacak kişinin seviyesi: Önlisans - Lisans Düzeyi, ders",https://www.ozeldersalani.com/ders-almak-isteyenler#d7612fb2b1,S. 4 saat önce
Özel Ders Alanı,Özel Ders (AI Kapalı),İstanbul,Gizli,"Merhaba, Yabancı Dil > Yabancılara Türkçe Dili Eğitimi dersi almak istiyorum. Dersleri Kendim için istiyorum, Ders alacak kişinin seviyesi: A2, dersle",https://www.ozeldersalani.com/ders-almak-isteyenler#0fa9eae063,4 saat önce
Özel Ders Alanı,Özel Ders (AI Kapalı),İstanbul,Gizli,"Merhaba, Okuma Yazma dersi almak istiyorum. Dersleri Diğer kişi/kişiler için istiyorum, Ders alacak kişinin seviyesi: İlkokul, dersleri Kendi Evimde Ö",https://www.ozeldersalani.com/ders-almak-isteyenler#05aa2f4837,4 saat önce
Özel Ders Alanı,Özel Ders (AI Kapalı),İstanbul,Gizli,"Merhaba, Müzik > Şan dersi almak istiyorum. Dersleri Kendim için istiyorum, Ders alacak kişinin seviyesi: Başlangıç, dersleri Öğretmenin Evinde Öğretm",https://www.ozeldersalani.com/ders-almak-isteyenler#6204d2278b,5 saat önce
Özel Ders Alanı,Özel Ders (AI Kapalı),Bursa,Gizli,"Merhaba, Matematik > Genel Matematik dersi almak istiyorum. Dersleri Kendim için istiyorum, Ders alacak kişinin seviyesi: YKS (TYT AYT) Hazırlık, ders",https://www.ozeldersalani.com/ders-almak-isteyenler#30a015228c,6 saat önce
Özel Ders Alanı,Özel Ders (AI Kapalı),İzmir,Gizli,"Merhaba, Matematik dersi almak istiyorum. Dersleri Kendim için istiyorum, Ders alacak kişinin seviyesi: Seviye Seçiniz, dersleri Kendi Evimde Öğretmen",https://www.ozeldersalani.com/ders-almak-isteyenler#e9b813300a,6 saat önce
Özel Ders Alanı,Özel Ders (AI Kapalı),Kocaeli,Gizli,"Merhaba, İngilizce dersi almak istiyorum. Dersleri Diğer kişi/kişiler için istiyorum, Ders alacak kişinin seviyesi: Seviye Seçiniz, dersleri Kendi Evi",https://www.ozeldersalani.com/ders-almak-isteyenler#b699938305,6 saat önce
Özel Ders Alanı,Özel Ders (AI Kapalı),Mardin,Gizli,"Merhaba, Direksiyon > Temel Trafik Bilgisi dersi almak istiyorum. Dersleri Kendim için istiyorum, Ders alacak kişinin seviyesi: Orta, dersleri Kendi E",https://www.ozeldersalani.com/ders-almak-isteyenler#3b3637f3f1,6 saat önce
Özel Ders Alanı,Özel Ders (AI Kapalı),İzmir,Gizli,"Merhaba, Direksiyon dersi almak istiyorum. Dersleri Kendim için istiyorum, Ders alacak kişinin seviyesi: Başlangıç, dersleri Kendi Evimde Öğretmen bul",https://www.ozeldersalani.com/ders-almak-isteyenler#5780f42a5f,6 saat önce
Özel Ders Alanı,Özel Ders (AI Kapalı),Bursa,Gizli,"Merhaba, Matematik dersi almak istiyorum. Dersleri Öğrencim için istiyorum, Ders alacak kişinin seviyesi: LGS Hazırlık, dersleri Kendi Evimde Öğretmen",https://www.ozeldersalani.com/ders-almak-isteyenler#29cfc4c11c,6 saat önce
Özel Ders Alanı,Özel Ders (AI Kapalı),Diyarbakır,Gizli,"Merhaba, Genel Matematik dersi almak istiyorum. Dersleri Kendim için istiyorum, Ders alacak kişinin seviyesi: YKS (TYT AYT) Hazırlık, dersleri Kendi E",https://www.ozeldersalani.com/ders-almak-isteyenler#68f1e5b0e2,7 saat önce
Özel Ders Alanı,Özel Ders (AI Kapalı),İstanbul,Gizli,"Merhaba, Matematik dersi almak istiyorum. Dersleri Öğrencim için istiyorum, Ders alacak kişinin seviyesi: Seviye Seçiniz, dersleri Kendi Evimde Öğretm",https://www.ozeldersalani.com/ders-almak-isteyenler#23770cce8f,7 saat önce
Özel Ders Alanı,Özel Ders (AI Kapalı),Malatya,Gizli,"Merhaba, Matematik dersi almak istiyorum. Dersleri Kendim için istiyorum, Ders alacak kişinin seviyesi: Seviye Seçiniz, dersleri Kendi Evimde Öğretmen",https://www.ozeldersalani.com/ders-almak-isteyenler#e619d5efba,7 saat önce
Özel Ders Alanı,Özel Ders (AI Kapalı),Ankara,Gizli,"Merhaba, Kişisel Gelişim > Diksiyon dersi almak istiyorum. Dersleri Diğer kişi/kişiler için istiyorum, Ders alacak kişinin seviyesi: Seviye Seçiniz, d",https://www.ozeldersalani.com/ders-almak-isteyenler#8762750932,7 saat önce
Özel Ders Alanı,Özel Ders (AI Kapalı),Ankara,Gizli,"Merhaba, Matematik dersi almak istiyorum. Dersleri Öğrencim için istiyorum, Ders alacak kişinin seviyesi: Ortaokul, dersleri Kendi Evimde Öğretmen bul",https://www.ozeldersalani.com/ders-almak-isteyenler#b3ffaff264,8 saat önce
